arabidopsis_gene_id,arabidopsis_protein_id,arabidopsis_gene_symbol,wolffia_gene_key,wolffia_ncbi_gene_id,wolffia_locus_tag,wolffia_gene_symbol,wolffia_protein_id,wolffia_product,percent_identity,query_coverage,subject_coverage,evalue,bitscore,top_hit_score_ratio,reciprocal_best_hit,arabidopsis_genes_sharing_wolffia_top_hit,orthology_status,mapping_confidence
AT1G01120,NP_171620.2,KCS1,144711700,144711700,,KCS1,XP_078441839.1,3-ketoacyl-CoA synthase 1,64.4,98.3,99.6,1.8199999999999998e-236,658.0,1.0494417862838916,True,1.0,reciprocal_best_hit,medium
AT1G01620,NP_171668.1,PIP1C,144706753,144706753,,LOC144706753,XP_078435893.1,aquaporin PIP1-3,85.9,99.0,98.6,6.23e-182,501.0,1.0060240963855422,True,2.0,reciprocal_best_hit,medium
AT1G02360,NP_001323420.1,,144713588,144713588,,LOC144713588,XP_078444333.1,chitinase 10-like,68.9,81.5,95.5,1.2300000000000001e-145,410.0,2.1465968586387434,True,2.0,reciprocal_best_hit,high
AT1G02390,NP_563651.1,GPAT2,144714413,144714413,,LOC144714413,XP_078445273.1,LOW QUALITY PROTEIN: putative glycerol-3-phosphate acyltransferase 2,45.7,89.4,96.8,2.08e-130,387.0,1.03475935828877,True,1.0,reciprocal_best_hit,medium
AT1G02460,NP_563654.1,,144716983,144716983,,LOC144716983,XP_078448411.1,polygalacturonase At1g48100-like,61.8,81.7,86.7,1.42e-187,530.0,1.062124248496994,True,2.0,reciprocal_best_hit,medium
AT1G02640,NP_563659.1,BXL2,144709345,144709345,,LOC144709345,XP_078439014.1,putative beta-D-xylosidase 2,64.0,95.8,96.1,0.0,979.0,1.2146401985111663,True,1.0,reciprocal_best_hit,high
AT1G02730,NP_171773.1,CSLD5,144707241,144707241,,CSLD5,XP_078436531.1,cellulose synthase-like D5,67.4,92.6,93.6,0.0,1469.0,1.0455516014234876,True,1.0,reciprocal_best_hit,medium
AT1G03070,NP_001184896.1,,144707948,144707948,,LOC144707948,XP_078437355.1,protein LIFEGUARD 4-like,72.9,95.5,95.2,1.2799999999999999e-120,342.0,1.159322033898305,True,1.0,reciprocal_best_hit,high
AT1G03780,NP_001184902.1,TPX2,144704831,144704831,,TPX2,XP_078433504.1,targeting protein for XKLP2 isoform X1,45.5,93.5,98.1,5.59e-172,512.0,6.073546856465006,True,1.0,reciprocal_best_hit,high
AT1G04280,NP_171924.2,,144701908,144701908,,LOC144701908,XP_078429846.1,calmodulin calcium-dependent NAD kinase-like,59.4,93.6,96.1,1.14e-190,542.0,inf,True,1.0,reciprocal_best_hit,high
AT1G05575,NP_563744.1,,144713690,144713690,,LOC144713690,XP_078444485.1,uncharacterized protein LOC144713690,62.2,83.1,60.2,1.3900000000000001e-21,80.5,inf,True,2.0,reciprocal_best_hit,high
AT1G07150,NP_172195.1,MAPKKK13,144700237,144700237,,LOC144700237,XP_078427865.1,mitogen-activated protein kinase kinase kinase 17-like,44.5,65.5,77.1,1.93e-76,245.0,1.3243243243243243,True,1.0,reciprocal_best_hit,medium
AT1G07590,NP_172238.1,,144702109,144702109,,LOC144702109,XP_078430123.1,tetratricopeptide repeat (TPR)-like superfamily protein,49.5,88.2,87.9,1.2e-158,461.0,9.0748031496063,True,1.0,reciprocal_best_hit,high
AT1G08560,NP_172332.1,SYP111,144710976,144710976,,SYP111,XP_078440979.1,syntaxin of plants 111,60.8,100.0,100.0,2.3500000000000003e-109,319.0,1.5263157894736843,True,1.0,reciprocal_best_hit,high
AT1G09200,NP_563838.1,,144700560,144700560,,LOC144700560,XP_078428119.1,histone H3.2,99.3,100.0,100.0,6.82e-87,248.0,1.0,True,5.0,reciprocal_best_hit,medium
AT1G09750,NP_563851.1,,144704304,144704304,,LOC144704304,XP_078432807.1,eukaryotic aspartyl protease family protein,52.6,93.3,95.6,8.510000000000001e-133,387.0,1.1348973607038124,True,1.0,reciprocal_best_hit,high
AT1G09890,NP_001321193.1,,144706766,144706766,,LOC144706766,XP_078435919.1,uncharacterized protein LOC144706766 isoform X1,56.6,99.2,98.0,1.67e-281,785.0,inf,True,3.0,reciprocal_best_hit,high
AT1G10140,NP_563861.1,,144702368,144702368,,LOC144702368,XP_078430514.1,uncharacterized protein LOC144702368,32.3,90.4,88.3,2.14e-06,43.9,inf,True,1.0,reciprocal_best_hit,medium
AT1G10370,NP_172508.4,ERD9,144704658,144704658,,LOC144704658,XP_078433271.1,glutathione S-transferase U17-like,58.6,100.0,97.8,1.1e-93,273.0,1.0748031496062993,True,1.0,reciprocal_best_hit,medium
AT1G15330,NP_172985.1,,144708424,144708424,,LOC144708424,XP_078437863.1,SNF1-related protein kinase regulatory subunit gamma-like PV42a,47.4,94.3,91.0,2.2499999999999998e-94,285.0,inf,True,1.0,reciprocal_best_hit,high
AT1G15380,NP_001031049.1,GLYI4,144703934,144703934,,LOC144703934,XP_078432366.1,glyoxylase I 4-like,68.5,83.3,83.4,9.51e-71,210.0,1.4093959731543624,True,2.0,reciprocal_best_hit,high
AT1G15520,NP_173005.1,ABCG40,144709167,144709167,,LOC144709167,XP_078438725.1,pleiotropic drug resistance protein TUR2,66.3,100.0,100.0,0.0,1922.0,1.0234291799787008,True,1.0,reciprocal_best_hit,medium
AT1G15950,NP_001319013.1,CCR1,144708368,144708368,,CCR1,XP_078437756.1,cinnamoyl coa reductase 1 isoform X1,66.7,90.7,95.2,2.33e-151,427.0,1.4523809523809523,True,2.0,reciprocal_best_hit,high
AT1G16390,NP_173089.1,OCT3,144700839,144700839,,LOC144700839,XP_078428515.1,organic cation/carnitine transporter 3-like,55.9,98.3,98.6,1.88e-187,533.0,9.673321234119783,True,1.0,reciprocal_best_hit,high
AT1G17180,NP_173161.1,GSTU25,144707436,144707436,,LOC144707436,XP_078436667.1,glutathione S-transferase U25-like,61.0,95.5,94.7,1.94e-91,266.0,1.592814371257485,True,5.0,reciprocal_best_hit,high
AT1G18100,NP_173250.1,E12A11,144703648,144703648,,E12A11,XP_078432001.1,PEBP (phosphatidylethanolamine-binding protein) family protein isoform X1,71.7,100.0,100.0,2.3399999999999998e-91,262.0,1.4802259887005649,True,1.0,reciprocal_best_hit,high
AT1G19025,NP_564070.1,,144705391,144705391,,LOC144705391,XP_078434156.1,DNA repair metallo-beta-lactamase family protein,41.2,99.6,100.0,1.19e-131,389.0,3.7766990291262137,True,1.0,reciprocal_best_hit,high
AT1G19250,NP_173359.3,FMO1,144713717,144713717,,FMO1,XP_078444511.1,flavin-dependent monooxygenase 1 isoform X1,58.7,95.7,97.9,1.38e-231,646.0,1.6910994764397906,True,1.0,reciprocal_best_hit,high
AT1G19530,NP_001322391.1,,144706854,144706854,,LOC144706854,XP_078436042.1,DNA polymerase epsilon catalytic subunit A,33.9,94.9,84.1,4.55e-14,63.2,1.367965367965368,True,1.0,reciprocal_best_hit,medium
AT1G20610,NP_173485.1,CYCB2;3,144715217,144715217,,LOC144715217,XP_078446268.1,G2/mitotic-specific cyclin-2-like isoform X1,52.2,99.1,98.8,1.53e-134,391.0,1.0831024930747923,True,2.0,reciprocal_best_hit,medium
AT1G20930,NP_173517.1,CDKB2;2,144712868,144712868,,LOC144712868,XP_078443362.1,cyclin-dependent kinase B2-1-like,76.9,96.2,98.1,4.05e-179,496.0,1.161592505854801,True,2.0,reciprocal_best_hit,high
AT1G22030,NP_564155.1,,144705427,144705427,,LOC144705427,XP_078434218.1,uncharacterized protein LOC144705427 isoform X3,43.2,97.0,97.7,9.34e-71,221.0,inf,True,2.0,reciprocal_best_hit,high
AT1G22410,NP_173657.1,,144711006,144711006,,LOC144711006,XP_078441024.1,"phospho-2-dehydro-3-deoxyheptonate aldolase 2, chloroplastic-like",85.2,84.6,88.3,4.69e-288,788.0,1.0327653997378767,True,1.0,reciprocal_best_hit,medium
AT1G23460,NP_173760.2,,144709837,144709837,,LOC144709837,XP_078439612.1,putative polygalacturonase At1g80170 isoform X1,58.9,81.3,82.6,1.21e-162,466.0,1.298050139275766,True,2.0,reciprocal_best_hit,high
AT1G23800,NP_564204.1,ALDH2B7,144713342,144713342,,LOC144713342,XP_078444055.1,"aldehyde dehydrogenase family 2 member B7, mitochondrial-like",77.6,100.0,100.0,1.02e-313,855.0,1.5517241379310345,True,1.0,reciprocal_best_hit,high
AT1G24530,NP_564219.1,,144704401,144704401,,LOC144704401,XP_078432945.1,transducin/WD40 repeat-like superfamily protein,46.8,79.4,95.1,4.45e-78,244.0,1.6486486486486487,True,2.0,reciprocal_best_hit,high
AT1G29050,NP_564318.1,TBL38,144703289,144703289,,TBL38,XP_078431560.1,TRICHOME BIREFRINGENCE-LIKE 38,58.9,94.2,99.7,2.0500000000000002e-166,468.0,1.3295454545454546,True,4.0,reciprocal_best_hit,high
AT1G30900,NP_174375.1,VSR6,144708211,144708211,,LOC144708211,XP_078437554.1,vacuolar-sorting receptor 7-like,62.8,93.3,94.4,4.46e-306,843.0,1.034355828220859,True,1.0,reciprocal_best_hit,medium
AT1G31330,NP_174418.1,PSAF,144700977,144700977,,LOC144700977,XP_078428725.1,"photosystem I reaction center subunit III, chloroplastic-like",78.6,86.0,85.7,4.05e-107,306.0,1.0132450331125828,True,1.0,reciprocal_best_hit,medium
AT1G31720,NP_174453.2,,144712370,144712370,,LOC144712370,XP_078442753.1,"chitin synthase, putative (DUF1218)",43.5,79.4,80.2,1.3700000000000001e-32,114.0,inf,True,1.0,reciprocal_best_hit,high
AT1G32170,NP_174496.1,XTH30,144708798,144708798,,LOC144708798,XP_078438360.1,putative xyloglucan endotransglucosylase/hydrolase protein 30,62.2,88.0,89.4,5.819999999999999e-137,391.0,1.0454545454545454,True,1.0,reciprocal_best_hit,medium
AT1G32450,NP_174523.2,NRT1.5,144708466,144708466,,LOC144708466,XP_078437945.1,protein NRT1/ PTR FAMILY 7.3-like,67.5,92.8,93.2,3.5e-282,781.0,1.0235910878112713,True,1.0,reciprocal_best_hit,medium
AT1G32900,NP_174566.1,GBSS1,144716969,144716969,,GBSS1,XP_078448387.1,UDP-Glycosyltransferase superfamily protein,60.3,93.3,93.3,1.96e-250,701.0,2.080118694362018,True,1.0,reciprocal_best_hit,high
AT1G35140,NP_174746.1,PHI-1,144713538,144713538,,LOC144713538,XP_078444257.1,protein PHOSPHATE-INDUCED 1 homolog,64.0,91.3,88.4,7.59e-131,374.0,1.1265060240963856,True,1.0,reciprocal_best_hit,high
AT1G35910,NP_564464.1,TPPD,144713834,144713834,,LOC144713834,XP_078444674.1,putative trehalose-phosphate phosphatase 6,67.5,84.3,86.8,8.41e-146,415.0,1.0401002506265664,True,3.0,reciprocal_best_hit,medium
AT1G47480,NP_564507.1,,144707591,144707591,,LOC144707591,XP_078436914.1,2-hydroxyisoflavanone dehydratase-like,40.6,96.8,94.2,1.43e-78,241.0,1.2552083333333333,True,1.0,reciprocal_best_hit,high
AT1G49030,NP_175332.1,,144713619,144713619,,LOC144713619,XP_078444389.1,protein PLANT CADMIUM RESISTANCE 2-like,54.2,68.3,54.8,6.85e-58,183.0,1.150943396226415,True,3.0,reciprocal_best_hit,medium
AT1G50490,NP_564572.1,UBC20,144706838,144706838,,LOC144706838,XP_078436029.1,ubiquitin-conjugating enzyme E2 20-like,78.9,95.0,92.4,8.84e-96,274.0,1.1275720164609053,True,1.0,reciprocal_best_hit,high
AT1G51060,NP_175517.1,HTA10,144704811,144704811,,LOC144704811,XP_078433472.1,histone H2A.6,93.9,100.0,98.5,4.8e-81,233.0,1.0737327188940091,True,2.0,reciprocal_best_hit,medium
AT1G54690,NP_175868.1,GAMMA-H2AX,144710185,144710185,,LOC144710185,XP_078440005.1,histone H2AX,90.3,94.4,98.5,4.45e-80,231.0,1.013157894736842,True,2.0,reciprocal_best_hit,medium
AT1G55020,NP_175900.1,LOX1,144704145,144704145,,LOC144704145,XP_078432546.1,LOW QUALITY PROTEIN: putative linoleate 9S-lipoxygenase 5,61.3,97.8,99.8,0.0,1045.0,1.017526777020448,True,1.0,reciprocal_best_hit,medium
AT1G55230,NP_175919.1,,144713666,144713666,,LOC144713666,XP_078444447.1,uncharacterized protein LOC144713666,58.4,97.7,92.9,1.12e-118,342.0,1.0822784810126582,True,3.0,reciprocal_best_hit,medium
AT1G55580,NP_175954.1,LAS,144713013,144713013,,LAS,XP_078443595.1,GRAS family transcription factor,45.1,91.0,91.2,8.34e-106,318.0,1.7666666666666666,True,1.0,reciprocal_best_hit,high
AT1G58340,NP_564731.1,ZF14,144702334,144702334,,LOC144702334,XP_078430466.1,protein DETOXIFICATION 48-like,68.9,84.6,89.8,3.6e-219,614.0,1.10431654676259,True,1.0,reciprocal_best_hit,high
AT1G58370,NP_001323263.1,RXF12,144707344,144707344,,LOC144707344,XP_078436571.1,"endo-1,4-beta-xylanase 1-like",51.9,93.8,99.0,0.0,920.0,3.2974910394265233,True,2.0,reciprocal_best_hit,high
AT1G60390,NP_176242.1,PG1,144702924,144702924,,LOC144702924,XP_078431077.1,polygalacturonase 1 beta-like protein 2,63.0,93.8,91.8,1.9399999999999998e-92,296.0,1.1983805668016194,True,2.0,reciprocal_best_hit,high
AT1G60710,NP_564761.1,ATB2,144711369,144711369,,LOC144711369,XP_078441483.1,putative aldo-keto reductase 2 isoform X1,72.7,99.4,98.9,6.12e-183,508.0,1.29923273657289,True,2.0,reciprocal_best_hit,high
AT1G62380,NP_176428.1,ACO2,144700541,144700541,,LOC144700541,XP_078428089.1,1-aminocyclopropane-1-carboxylate oxidase 3-like,51.7,93.1,94.5,1.2800000000000001e-110,322.0,1.9397590361445782,True,3.0,reciprocal_best_hit,high
AT1G62990,NP_564805.1,KNAT7,144711624,144711624,,KNAT7,XP_078441736.1,homeobox knotted-like protein isoform X1,75.0,93.5,95.4,3.89e-142,400.0,1.1661807580174928,True,1.0,reciprocal_best_hit,high
AT1G63100,NP_176498.1,,144716636,144716636,,LOC144716636,XP_078447942.1,protein DWARF AND LOW-TILLERING-like,49.6,57.9,70.7,4.34e-111,343.0,1.5662100456621004,True,1.0,reciprocal_best_hit,medium
AT1G64160,NP_176598.1,DIR5,144700953,144700953,,LOC144700953,XP_078428688.1,disease resistance response protein 206-like,49.7,84.6,82.9,1.6e-53,167.0,inf,True,4.0,reciprocal_best_hit,high
AT1G64380,NP_176620.1,,144704909,144704909,,LOC144704909,XP_078433620.1,ethylene-responsive transcription factor ERF061-like,44.1,63.3,77.4,1.72e-38,136.0,1.0149253731343284,True,1.0,reciprocal_best_hit,medium
AT1G64660,NP_176647.1,MGL,144712269,144712269,,MGL,XP_078442623.1,methionine gamma-lyase,70.8,97.5,96.4,1.6099999999999998e-219,609.0,4.06,True,1.0,reciprocal_best_hit,high
AT1G65060,NP_176686.1,4CL3,144708670,144708670,,LOC144708670,XP_078438210.1,4-coumarate--CoA ligase 2-like,65.6,99.8,98.9,2.13e-255,709.0,1.036549707602339,True,1.0,reciprocal_best_hit,medium
AT1G65610,NP_176738.1,KOR2,144705574,144705574,,LOC144705574,XP_078434462.1,endoglucanase 12-like,57.4,100.0,100.0,1.21e-254,712.0,1.0532544378698225,True,1.0,reciprocal_best_hit,medium
AT1G66230,NP_176797.1,MYB20,144713888,144713888,,LOC144713888,XP_078444746.1,transcription factor MYB20-like,57.7,96.8,92.7,2.33e-89,265.0,1.0905349794238683,True,4.0,reciprocal_best_hit,medium
AT1G67070,NP_001319330.1,DIN9,144714801,144714801,,LOC144714801,XP_078445713.1,mannose-6-phosphate isomerase 1-like isoform X1,50.1,94.1,98.0,2.4799999999999998e-147,426.0,inf,True,1.0,reciprocal_best_hit,high
AT1G67850,NP_001320373.1,,144712856,144712856,,LOC144712856,XP_078443344.1,uncharacterized protein LOC144712856 isoform X1,65.6,92.6,97.1,2.07e-185,518.0,1.0176817288801572,True,1.0,reciprocal_best_hit,medium
AT1G68200,NP_001319344.1,,144703377,144703377,,LOC144703377,XP_078431682.1,zinc finger CCCH domain-containing protein 9-like,41.6,70.5,50.8,5.7300000000000003e-36,132.0,1.3594232749742534,True,2.0,reciprocal_best_hit,high
AT1G68290,NP_176996.1,ENDO2,144703001,144703001,,LOC144703001,XP_078431185.1,endonuclease 4-like,51.5,90.7,87.6,1.59e-103,303.0,inf,True,2.0,reciprocal_best_hit,high
AT1G68810,NP_564944.1,,144713536,144713536,,LOC144713536,XP_078444254.1,transcription factor bHLH30-like,61.5,57.3,66.7,6.14e-66,210.0,1.5789473684210527,True,3.0,reciprocal_best_hit,medium
AT1G73500,NP_177492.1,MKK9,144713487,144713487,,LOC144713487,XP_078444207.1,mitogen-activated protein kinase kinase 9-like,61.0,84.2,81.2,2.62e-112,327.0,1.09,True,1.0,reciprocal_best_hit,medium
AT1G73590,NP_177500.1,PIN1,144713760,144713760,,LOC144713760,XP_078444562.1,putative auxin efflux carrier component 1c isoform X1,60.6,100.0,100.0,6.47e-236,661.0,1.6819338422391859,True,4.0,reciprocal_best_hit,high
AT1G73620,NP_177503.1,,144711204,144711204,,LOC144711204,XP_078441261.1,thaumatin-like protein,61.9,84.8,91.4,3.06e-106,306.0,1.2697095435684647,True,4.0,reciprocal_best_hit,high
AT1G75720,NP_001319385.1,,144716910,144716910,,LOC144716910,XP_078448306.1,WEB family protein (DUF827),31.3,73.3,74.3,1.6e-14,68.2,inf,True,3.0,reciprocal_best_hit,medium
AT1G76650,NP_001185413.1,CML38,144709467,144709467,,LOC144709467,XP_078439150.1,putative calcium-binding protein CML31,50.8,74.6,66.8,7.18e-41,135.0,1.0546875,True,2.0,reciprocal_best_hit,medium
AT1G77120,NP_177837.1,ADH1,144710665,144710665,,LOC144710665,XP_078440619.1,alcohol dehydrogenase 2-like,81.0,98.7,88.2,2.6800000000000003e-231,635.0,1.0095389507154213,True,2.0,reciprocal_best_hit,medium
AT1G78520,NP_177973.4,,144715125,144715125,,LOC144715125,XP_078446145.1,major pollen allergen Ole e 10-like isoform X1,69.8,74.8,67.2,2.43e-43,137.0,1.5138121546961325,True,1.0,reciprocal_best_hit,high
AT1G79040,NP_178025.1,PSBR,144707965,144707965,,PSBR,XP_078437381.1,photosystem II subunit R,67.4,98.6,99.3,1.88e-58,176.0,inf,True,1.0,reciprocal_best_hit,high
AT1G79160,NP_178037.2,,144700985,144700985,,LOC144700985,XP_078428738.1,uncharacterized protein LOC144700985,37.9,55.2,72.0,9.19e-17,74.7,inf,True,1.0,reciprocal_best_hit,medium
AT1G79620,NP_001321899.1,,144707833,144707833,,LOC144707833,XP_078437209.1,leucine-rich repeat protein kinase family protein,54.7,97.4,98.3,1.29e-283,813.0,2.3771929824561404,True,1.0,reciprocal_best_hit,high
AT5G01220,NP_568085.2,SQD2,144699961,144699961,,SQD2,XP_078427440.1,sulfoquinovosyldiacylglycerol 2,71.3,94.1,96.4,8.78e-247,683.0,inf,True,1.0,reciprocal_best_hit,high
AT5G01870,NP_195807.1,,144701065,144701065,,LOC144701065,XP_078428917.1,non-specific lipid-transfer protein 1-like,37.8,82.8,81.5,6.72e-22,82.4,inf,True,1.0,reciprocal_best_hit,high
AT5G02010,NP_195821.1,ROPGEF7,144714389,144714389,,LOC144714389,XP_078445250.1,rop guanine nucleotide exchange factor 7-like,60.9,75.3,64.1,9.810000000000001e-169,491.0,1.1133786848072562,True,3.0,reciprocal_best_hit,high
AT5G02140,NP_195834.1,,144714378,144714378,,LOC144714378,XP_078445228.1,pathogenesis-related thaumatin superfamily protein,61.1,80.3,95.2,3.47e-114,328.0,1.4977168949771689,True,1.0,reciprocal_best_hit,high
AT5G02570,NP_195877.1,,144707059,144707059,,LOC144707059,XP_078436308.1,histone H2B.2-like,81.1,100.0,100.0,4.14e-61,182.0,1.0055248618784531,True,1.0,reciprocal_best_hit,medium
AT5G03610,NP_195981.1,,144705594,144705594,,LOC144705594,XP_078434485.1,GDSL esterase/lipase At5g03610-like isoform X1,45.6,91.9,83.7,2.14e-92,280.0,2.5,True,1.0,reciprocal_best_hit,high
AT5G04950,NP_196114.1,NAS1,144709065,144709065,,NAS1,XP_078438599.1,nicotianamine synthase 1,56.4,98.1,91.2,1.05e-121,352.0,1.1812080536912752,True,1.0,reciprocal_best_hit,high
AT5G05250,NP_568152.1,,144715809,144715809,,LOC144715809,XP_078446939.1,uncharacterized protein LOC144715809,34.2,62.8,69.3,6.469999999999999e-23,91.7,inf,True,1.0,reciprocal_best_hit,medium
AT5G05270,NP_568154.1,CHIL,144706946,144706946,,CHIL,XP_078436166.1,chalcone-flavanone isomerase family protein,60.1,99.5,99.0,9.42e-83,243.0,inf,True,1.0,reciprocal_best_hit,high
AT5G06150,NP_196233.1,CYC1BAT,144709009,144709009,,LOC144709009,XP_078438567.1,G2/mitotic-specific cyclin S13-7-like,50.6,96.4,98.6,1.52e-119,355.0,1.0380116959064327,True,2.0,reciprocal_best_hit,medium
AT5G06270,NP_001331734.1,,144706038,144706038,,LOC144706038,XP_078435037.1,protein GL2-INTERACTING REPRESSOR 1-like,59.1,84.4,91.3,2.88e-29,101.0,1.1757857974388823,True,1.0,reciprocal_best_hit,high
AT5G06670,NP_001318493.1,,144710865,144710865,,LOC144710865,XP_078440824.1,"kinesin-like protein KIN-7D, chloroplastic",57.2,94.0,95.1,8.5e-306,870.0,1.5343915343915344,True,1.0,reciprocal_best_hit,high
AT5G06839,NP_001190244.1,TGA10,144713134,144713134,,LOC144713134,XP_078443760.1,bZIP transcription factor TGA10-like isoform X1,54.1,94.8,92.1,2.67e-136,398.0,1.1569767441860466,True,1.0,reciprocal_best_hit,high
AT5G07710,NP_196388.1,,144716528,144716528,,LOC144716528,XP_078447785.1,protein NEN1-like isoform X1,50.1,97.9,89.5,8.9e-139,407.0,inf,True,1.0,reciprocal_best_hit,high
AT5G07990,NP_196416.1,TT7,144702157,144702157,,TT7,XP_078430203.1,cytochrome P450 superfamily protein,60.4,97.9,95.7,4.28e-219,613.0,1.1309963099630995,True,3.0,reciprocal_best_hit,high
AT5G08370,NP_568193.1,AGAL2,144715477,144715477,,LOC144715477,XP_078446533.1,alpha-galactosidase-like,73.8,91.7,90.8,1.71e-214,592.0,1.3703703703703705,True,1.0,reciprocal_best_hit,high
AT5G09570,NP_196519.1,,144707496,144707496,,LOC144707496,XP_078436751.1,CHCH domain protein,58.7,83.5,84.3,9.47e-40,129.0,inf,True,1.0,reciprocal_best_hit,high
AT5G09960,NP_568222.1,,144714021,144714021,,LOC144714021,XP_078444889.1,uncharacterized protein LOC144714021 isoform X1,49.0,88.4,85.6,3.33e-22,82.8,inf,True,1.0,reciprocal_best_hit,high
AT5G10625,NP_974763.1,,144708767,144708767,,LOC144708767,XP_078438332.1,flowering-promoting factor 1-like protein 3,51.4,98.2,99.0,2.1900000000000003e-31,105.0,1.0096153846153846,True,1.0,reciprocal_best_hit,medium
AT5G11070,NP_196668.1,,144704751,144704751,,LOC144704751,XP_078433405.1,uncharacterized protein LOC144704751,36.1,82.2,82.7,9.13e-15,65.9,inf,True,1.0,reciprocal_best_hit,high
AT5G11420,NP_196703.1,,144703916,144703916,,LOC144703916,XP_078432336.1,BIIDXI-like protein At5g11420,66.8,97.0,96.2,5.660000000000001e-179,500.0,1.0141987829614605,True,2.0,reciprocal_best_hit,medium
AT5G12340,NP_001330389.1,,144715804,144715804,,LOC144715804,XP_078446933.1,DUF4228 domain protein,36.4,95.5,98.5,1.31e-40,136.0,1.6810877626699627,True,1.0,reciprocal_best_hit,high
AT5G13330,NP_196837.1,Rap2.6L,144705541,144705541,,LOC144705541,XP_078434406.1,ethylene-responsive transcription factor ERF113-like isoform X1,51.8,79.2,53.1,7.42e-39,134.0,1.1074380165289257,True,3.0,reciprocal_best_hit,high
AT5G13750,NP_851036.1,ZIFL1,144715499,144715499,,LOC144715499,XP_078446557.1,protein ZINC INDUCED FACILITATOR-LIKE 1-like,58.3,99.0,99.2,3.36e-194,548.0,inf,True,1.0,reciprocal_best_hit,high
AT5G13840,NP_001190305.1,FZR3,144714565,144714565,,FZR3,XP_078445456.1,FIZZY-related 3,71.1,99.2,99.8,3.2899999999999995e-241,666.0,1.2661596958174905,True,1.0,reciprocal_best_hit,high
AT5G13870,NP_001331375.1,XTH5,144711419,144711419,,XTH5,XP_078441535.1,xyloglucan endotransglucosylase/hydrolase 5,76.1,100.0,100.0,1.98e-179,495.0,1.6123778501628665,True,1.0,reciprocal_best_hit,high
AT5G13930,NP_196897.1,TT4,144705310,144705310,,TT4,XP_078434041.1,chalcone and stilbene synthase family protein,85.6,98.7,99.2,1.9400000000000003e-248,678.0,2.627906976744186,True,1.0,reciprocal_best_hit,high
AT5G14180,NP_568295.2,MPL1,144716246,144716246,,MPL1,XP_078447476.1,myzus persicae-induced lipase 1 isoform X1,52.8,88.3,92.3,1.11e-136,395.0,1.3859649122807018,True,1.0,reciprocal_best_hit,high
AT5G15180,NP_197022.1,,144707859,144707859,,LOC144707859,XP_078437234.1,peroxidase 56-like,56.2,96.4,97.9,7.88e-124,357.0,1.0347826086956522,True,2.0,reciprocal_best_hit,medium
AT5G16010,NP_197105.1,,144706754,144706754,,LOC144706754,XP_078435894.1,3-oxo-5-alpha-steroid 4-dehydrogenase family protein isoform X1,48.7,99.6,99.2,1.07e-76,232.0,inf,True,1.0,reciprocal_best_hit,high
AT5G16250,NP_197129.1,,144706056,144706056,,LOC144706056,XP_078435056.1,uncharacterized protein LOC144706056,68.0,95.1,92.3,1.2500000000000001e-77,228.0,inf,True,2.0,reciprocal_best_hit,high
AT5G17460,NP_001318584.1,,144709469,144709469,,LOC144709469,XP_078439151.1,glutamyl-tRNA (Gln) amidotransferase subunit C,65.3,85.1,82.2,1.23e-100,297.0,inf,True,1.0,reciprocal_best_hit,high
AT5G18130,NP_197314.1,,144701980,144701980,,LOC144701980,XP_078429942.1,uncharacterized protein LOC144701980 isoform X1,29.3,99.6,96.5,8.37e-15,70.9,inf,True,1.0,reciprocal_best_hit,medium
AT5G19730,NP_197474.1,,144703617,144703617,,LOC144703617,XP_078431948.1,pectin lyase-like superfamily protein,71.6,87.5,92.0,5.06e-190,528.0,1.6869009584664536,True,3.0,reciprocal_best_hit,high
AT5G20240,NP_197524.1,PI,144705692,144705692,,LOC144705692,XP_078434588.1,agamous-like MADS-box protein MADS9,50.9,84.1,78.5,1.9099999999999997e-55,174.0,1.0357142857142858,True,1.0,reciprocal_best_hit,medium
AT5G20250,NP_001190347.1,DIN10,144702527,144702527,,DIN10,XP_078430705.1,raffinose synthase family protein,59.4,88.9,91.6,0.0,934.0,1.8422090729783038,True,2.0,reciprocal_best_hit,high
AT5G20820,NP_197582.1,,144713976,144713976,,LOC144713976,XP_078444840.1,auxin-responsive protein SAUR76-like,46.5,100.0,100.0,5.7100000000000006e-27,96.3,inf,True,2.0,reciprocal_best_hit,high
AT5G21105,NP_680176.5,,144701120,144701120,,LOC144701120,XP_078428958.1,plant L-ascorbate oxidase isoform X1,59.7,95.7,98.1,1.84e-260,724.0,1.2482758620689656,True,1.0,reciprocal_best_hit,high
AT5G23400,NP_197731.1,,144699921,144699921,,LOC144699921,XP_078427387.1,leucine-rich repeat (LRR) family protein,70.4,93.4,95.3,3.0399999999999997e-46,170.0,inf,True,1.0,reciprocal_best_hit,high
AT5G23420,NP_568431.1,HMGB6,144699922,144699922,,HMGB6,XP_078427388.1,high-mobility group box 6,58.3,78.0,90.9,9.67e-45,147.0,2.1940298507462686,True,1.0,reciprocal_best_hit,high
AT5G23660,NP_197755.1,SWEET12,144705573,144705573,,LOC144705573,XP_078434461.1,bidirectional sugar transporter SWEET14-like,55.7,85.6,89.1,5.49e-88,262.0,1.7012987012987013,True,3.0,reciprocal_best_hit,high
AT5G23810,NP_197770.1,AAP7,144704633,144704633,,LOC144704633,XP_078433247.1,putative amino acid permease 7 isoform X1,57.2,94.2,89.2,1.3200000000000002e-179,511.0,1.1720183486238531,True,1.0,reciprocal_best_hit,high
AT5G24090,NP_197797.1,CHIA,144705645,144705645,,CHIA,XP_078434542.1,chitinase A,52.2,94.7,95.0,1.37e-115,334.0,inf,True,1.0,reciprocal_best_hit,high
AT5G24165,NP_001318632.1,,144709204,144709204,,LOC144709204,XP_078438784.1,uncharacterized protein LOC144709204,54.7,98.7,92.3,1.08e-19,73.9,inf,True,1.0,reciprocal_best_hit,high
AT5G24800,NP_568457.1,BZIP9,144709816,144709816,,BZIP9,XP_078439586.1,basic leucine zipper 9,48.3,65.0,56.2,8.419999999999999e-40,139.0,1.1680672268907564,True,1.0,reciprocal_best_hit,medium
AT5G25090,NP_197891.1,ENODL13,144704679,144704679,,LOC144704679,XP_078433311.1,early nodulin-like protein 13,41.9,79.6,82.5,2.47e-28,102.0,1.059190031152648,True,1.0,reciprocal_best_hit,medium
AT5G25610,NP_197943.1,RD22,144703146,144703146,,LOC144703146,XP_078431366.1,BURP domain-containing protein 3-like,54.0,59.9,71.8,6.88e-88,268.0,1.0509803921568628,True,1.0,reciprocal_best_hit,medium
AT5G27420,NP_198094.1,CNI1,144701806,144701806,,LOC144701806,XP_078429700.1,E3 ubiquitin-protein ligase ATL31-like,45.1,75.8,83.2,1.5599999999999999e-60,196.0,1.1329479768786128,True,1.0,reciprocal_best_hit,high
AT5G36970,NP_198513.1,NHL25,144714878,144714878,,LOC144714878,XP_078445804.1,NDR1/HIN1-like protein 6,43.2,100.0,100.0,5.44e-59,186.0,3.1794871794871793,True,2.0,reciprocal_best_hit,high
AT5G38200,NP_568556.3,,144713621,144713621,,LOC144713621,XP_078444392.1,putative glutamine amidotransferase GAT1_2.1,68.3,95.2,98.6,5.27e-205,571.0,inf,True,2.0,reciprocal_best_hit,high
AT5G39050,NP_568561.4,PMAT1,144700084,144700084,,LOC144700084,XP_078427605.1,phenolic glucoside malonyltransferase 1-like,33.3,94.9,94.7,8.83e-64,212.0,1.0192307692307692,True,1.0,reciprocal_best_hit,medium
AT5G39670,NP_568568.1,,144704680,144704680,,LOC144704680,XP_078433309.1,putative calcium-binding protein CML45,33.9,87.7,95.0,5.21e-22,87.4,1.8755364806866954,True,2.0,reciprocal_best_hit,medium
AT5G41040,NP_851111.1,RWP1,144703440,144703440,,LOC144703440,XP_078431732.1,omega-hydroxypalmitate O-feruloyl transferase-like,50.1,92.3,94.5,4.19e-137,399.0,1.0,True,2.0,reciprocal_best_hit,medium
AT5G42250,NP_199040.1,,144713547,144713547,,LOC144713547,XP_078444266.1,alcohol dehydrogenase-like 7 isoform X1,57.1,96.2,96.6,1.2300000000000001e-157,447.0,1.1701570680628273,True,2.0,reciprocal_best_hit,high
AT5G43580,NP_199171.3,UPI,144716947,144716947,,LOC144716947,XP_078448356.1,glu S.griseus protease inhibitor-like,47.4,76.8,77.9,6.76e-18,70.9,inf,True,1.0,reciprocal_best_hit,high
AT5G43870,NP_199200.1,,144712351,144712351,,LOC144712351,XP_078442727.1,VAN3-binding protein-like,49.3,94.5,98.5,2.16e-105,317.0,1.0325732899022801,True,4.0,reciprocal_best_hit,medium
AT5G46340,NP_568662.1,RWA1,144700797,144700797,,LOC144700797,XP_078428462.1,protein REDUCED WALL ACETYLATION 1-like,71.9,99.6,99.1,1.4499999999999999e-299,820.0,inf,True,1.0,reciprocal_best_hit,high
AT5G47740,NP_001190486.1,,144709875,144709875,,LOC144709875,XP_078439653.1,U-box domain-containing protein 35-like,35.4,82.5,86.4,7.6500000000000005e-31,113.0,inf,True,1.0,reciprocal_best_hit,high
AT5G47910,NP_199602.1,RBOHD,144704223,144704223,,RBOHA,XP_078432682.1,respiratory burst oxidase homolog A,66.3,96.5,99.2,0.0,1149.0,1.4380475594493116,True,4.0,reciprocal_best_hit,high
AT5G48850,NP_199696.2,ATSDI1,144710629,144710629,,LOC144710629,XP_078440571.1,protein SULFUR DEFICIENCY-INDUCED 1-like,63.7,90.8,91.7,2.95e-118,341.0,1.586046511627907,True,1.0,reciprocal_best_hit,high
AT5G48930,NP_199704.1,HCT,144713019,144713019,,LOC144713019,XP_078443605.1,HXXXD-type acyl-transferase family protein,64.8,99.1,98.8,3.53e-207,577.0,2.7607655502392343,True,1.0,reciprocal_best_hit,high
AT5G50200,NP_199831.1,WR3,144704136,144704136,,LOC144704136,XP_078432523.1,putative high-affinity nitrate transporter-activating protein 2.2,53.1,74.8,78.3,9.479999999999999e-52,164.0,inf,True,1.0,reciprocal_best_hit,high
AT5G50720,NP_568744.1,HVA22E,144705179,144705179,,LOC144705179,XP_078433858.1,HVA22-like protein e isoform X1,69.5,90.5,66.9,7.6e-51,157.0,1.1056338028169015,True,1.0,reciprocal_best_hit,high
AT5G51190,NP_568755.1,,144701456,144701456,,LOC144701456,XP_078429390.1,ethylene-responsive transcription factor 5-like,50.7,63.3,55.3,6.09e-34,120.0,1.0810810810810811,True,2.0,reciprocal_best_hit,medium
AT5G51990,NP_200012.1,CBF4,144712201,144712201,,LOC144712201,XP_078442532.1,dehydration-responsive element-binding protein 1E-like,51.8,82.6,84.6,4.83e-51,163.0,1.1088435374149659,True,5.0,reciprocal_best_hit,high
AT5G54160,NP_200227.1,OMT1,144716802,144716802,,LOC144716802,XP_078448170.1,O-methyltransferase 13-like,67.7,95.9,97.5,1.22e-172,483.0,1.0,True,1.0,reciprocal_best_hit,medium
AT5G54490,NP_200260.1,PBP1,144700879,144700879,,LOC144700879,XP_078428570.1,calcium-binding protein PBP1-like,62.3,83.5,87.5,4.0699999999999997e-41,131.0,inf,True,1.0,reciprocal_best_hit,high
AT5G55050,NP_200316.1,,144706066,144706066,,LOC144706066,XP_078435067.1,GDSL esterase/lipase At5g55050-like,41.7,91.5,92.1,1.54e-90,275.0,1.2331838565022422,True,1.0,reciprocal_best_hit,high
AT5G56120,NP_200423.2,,144704647,144704647,,LOC144704647,XP_078433262.1,uncharacterized protein LOC144704647,37.1,81.4,84.4,1.13e-35,125.0,inf,True,1.0,reciprocal_best_hit,high
AT5G56550,NP_200466.1,OXS3,144703613,144703613,,LOC144703613,XP_078431941.1,protein OXIDATIVE STRESS 3-like,48.5,57.0,52.3,2.13e-15,68.9,inf,True,1.0,reciprocal_best_hit,medium
AT5G56840,NP_200495.1,,144703616,144703616,,LOC144703616,XP_078431946.1,transcription factor MYBS3-like,51.6,67.0,75.4,4.8399999999999994e-52,167.0,1.1360544217687074,True,1.0,reciprocal_best_hit,medium
AT5G56970,NP_200507.1,CKX3,144703721,144703721,,LOC144703721,XP_078432094.1,cytokinin dehydrogenase 6-like,51.6,91.6,94.6,9.24e-184,525.0,1.2440758293838863,True,1.0,reciprocal_best_hit,high
AT5G57123,NP_680449.1,,144708404,144708404,,LOC144708404,XP_078437829.1,uncharacterized protein LOC144708404,57.1,94.0,94.0,7.82e-25,86.3,inf,True,1.0,reciprocal_best_hit,high
AT5G57190,NP_200529.4,PSD2,144705125,144705125,,LOC144705125,XP_078433791.1,phosphatidylserine decarboxylase proenzyme 2-like,66.6,97.0,94.7,6.91e-298,823.0,14.140893470790378,True,1.0,reciprocal_best_hit,high
AT5G58070,NP_200615.1,TIL,144709694,144709694,,TIL,XP_078439436.1,temperature-induced lipocalin,74.7,100.0,100.0,5.93e-105,298.0,inf,True,1.0,reciprocal_best_hit,high
AT5G59790,NP_200787.1,,144701391,144701391,,LOC144701391,XP_078429336.1,protein SOSEKI 5-like isoform X1,43.1,70.7,78.0,2.07e-61,201.0,1.098360655737705,True,1.0,reciprocal_best_hit,medium
AT5G62470,NP_201053.2,MYB96,144711269,144711269,,LOC144711269,XP_078441346.1,transcription factor MYB96-like,62.9,70.2,66.2,7.49e-96,287.0,1.0436363636363637,True,2.0,reciprocal_best_hit,medium
AT5G62960,NP_201101.2,,144709444,144709444,,LOC144709444,XP_078439122.1,uncharacterized protein LOC144709444 isoform X1,49.4,93.9,95.2,1.37e-112,329.0,1.031347962382445,True,1.0,reciprocal_best_hit,medium
AT5G63160,NP_201121.1,BT1,144705766,144705766,,LOC144705766,XP_078434707.1,BTB/POZ and TAZ domain-containing protein 1-like,48.9,86.8,97.3,6.9e-109,320.0,inf,True,1.0,reciprocal_best_hit,high
AT5G63450,NP_001331365.1,CYP94B1,144704845,144704845,,LOC144704845,XP_078433527.1,cytochrome P450 94B3-like,55.1,82.0,90.4,9.38e-182,521.0,1.001923076923077,True,2.0,reciprocal_best_hit,medium
AT5G65160,NP_201320.1,TPR14,144708398,144708398,,LOC144708398,XP_078437824.1,inactive TPR repeat-containing thioredoxin TTL3-like,48.7,74.5,67.9,4.85e-130,394.0,1.5095785440613028,True,2.0,reciprocal_best_hit,high
AT5G65280,NP_201331.1,GCL1,144713546,144713546,,GCL1,XP_078444265.1,GCR2-like 1,56.7,93.5,97.6,2.5e-169,480.0,3.6923076923076925,True,1.0,reciprocal_best_hit,high
AT5G67210,NP_201522.1,IRX15-L,144709789,144709789,,LOC144709789,XP_078439560.1,protein IRX15-LIKE-like,45.9,72.2,78.7,2.5399999999999997e-68,214.0,1.5507246376811594,True,2.0,reciprocal_best_hit,high
AT5G67230,NP_201524.1,IRX14-L,144702847,144702847,,LOC144702847,XP_078430979.1,"putative beta-1,4-xylosyltransferase IRX14H isoform X1",49.8,87.8,87.3,1.4e-144,422.0,3.0579710144927534,True,1.0,reciprocal_best_hit,high
AT3G03341,NP_001118559.1,,144702319,144702319,,LOC144702319,XP_078430456.1,cold-regulated protein,72.9,97.2,95.9,2.03e-36,115.0,inf,True,1.0,reciprocal_best_hit,high
AT3G03990,NP_566220.1,,144702250,144702250,,LOC144702250,XP_078430346.1,alpha/beta-Hydrolases superfamily protein,64.5,98.1,79.2,9.899999999999999e-126,359.0,1.2336769759450172,True,1.0,reciprocal_best_hit,high
AT3G06850,NP_187341.1,BCE2,144706672,144706672,,BCE2,XP_078435800.1,2-oxoacid dehydrogenases acyltransferase family protein,56.6,87.4,83.9,6.09e-157,454.0,3.026666666666667,True,1.0,reciprocal_best_hit,high
AT3G07070,NP_566298.1,,144714537,144714537,,LOC144714537,XP_078445414.1,putative serine/threonine-protein kinase PBL26,64.1,99.0,98.5,2.57e-175,494.0,1.0600858369098713,True,1.0,reciprocal_best_hit,medium
AT3G07490,NP_187405.1,AGD11,144705139,144705139,,LOC144705139,XP_078433808.1,calcium-binding EF-hand family protein,68.7,98.0,98.7,1.62e-63,190.0,1.9730010384215992,True,2.0,reciprocal_best_hit,high
AT3G08860,NP_187498.1,PYD4,144707043,144707043,,LOC144707043,XP_078436292.1,"alanine--glyoxylate aminotransferase 2 homolog 3, mitochondrial-like",76.8,91.3,90.0,2.52e-262,721.0,1.0241477272727273,True,1.0,reciprocal_best_hit,medium
AT3G09220,NP_187533.1,LAC7,144715799,144715799,,LOC144715799,XP_078446928.1,laccase-7-like,58.9,96.1,96.0,7.4e-235,658.0,1.0840197693574958,True,6.0,reciprocal_best_hit,medium
AT3G10740,NP_001326565.1,ASD1,144708692,144708692,,LOC144708692,XP_078438242.1,alpha-L-arabinofuranosidase 1-like,66.6,92.5,96.0,8.75e-318,878.0,inf,True,1.0,reciprocal_best_hit,high
AT3G10910,NP_187702.1,,144707360,144707360,,LOC144707360,XP_078436596.1,RING-H2 finger protein ATL74-like,45.9,74.0,83.2,3.1e-34,117.0,1.4268292682926829,True,2.0,reciprocal_best_hit,high
AT3G11660,NP_566396.1,NHL1,144710920,144710920,,LOC144710920,XP_078440889.1,NDR1/HIN1-like protein 1,54.0,88.0,88.7,4.56e-72,216.0,3.0,True,5.0,reciprocal_best_hit,high
AT3G11930,NP_850563.1,,144701804,144701804,,LOC144701804,XP_078429696.1,universal stress protein A-like protein isoform X1,50.0,83.2,89.2,1.56e-53,169.0,1.69,True,1.0,reciprocal_best_hit,high
AT3G12160,NP_187823.1,RABA4D,144712933,144712933,,LOC144712933,XP_078443478.1,ras-related protein RABA4d-like,75.9,97.7,98.2,4.63e-118,334.0,1.0603174603174603,True,1.0,reciprocal_best_hit,medium
AT3G12700,NP_187876.2,NANA,144703102,144703102,,LOC144703102,XP_078431322.1,"aspartic proteinase NANA, chloroplast-like",45.0,89.8,93.9,6.29e-110,331.0,1.9585798816568047,True,1.0,reciprocal_best_hit,high
AT3G12870,NP_187893.1,,144708049,144708049,,LOC144708049,XP_078437467.1,uncharacterized protein LOC144708049,57.2,93.2,98.1,8.53e-59,182.0,inf,True,1.0,reciprocal_best_hit,high
AT3G14310,NP_188048.1,PME3,144711455,144711455,,LOC144711455,XP_078441588.1,pectinesterase-like,58.0,90.2,93.9,3.2000000000000004e-200,570.0,1.11328125,True,2.0,reciprocal_best_hit,high
AT3G14690,NP_001325567.1,CYP72A15,144710200,144710200,,LOC144710200,XP_078440026.1,cytochrome P450 CYP72A616-like,51.7,90.1,96.4,2.14e-181,519.0,1.0236686390532543,True,2.0,reciprocal_best_hit,medium
AT3G14770,NP_566493.1,SWEET2,144709417,144709417,,LOC144709417,XP_078439093.1,bidirectional sugar transporter SWEET2a-like,58.2,88.1,88.5,1.63e-79,237.0,1.3093922651933703,True,1.0,reciprocal_best_hit,high
AT3G15680,NP_001326186.1,,144701457,144701457,,LOC144701457,XP_078429391.1,RNA-binding protein involved in heterochromatin assembly dri1-like,51.8,94.5,95.2,3.4599999999999996e-54,167.0,inf,True,1.0,reciprocal_best_hit,high
AT3G16150,NP_566536.1,ASPGB1,144708362,144708362,,LOC144708362,XP_078437749.1,putative isoaspartyl peptidase/L-asparaginase 2,75.6,99.4,96.7,3.1500000000000002e-173,482.0,1.0104821802935011,True,1.0,reciprocal_best_hit,medium
AT3G16240,NP_188245.1,DELTA-TIP,144703545,144703545,,LOC144703545,XP_078431858.1,aquaporin TIP2-1-like,75.7,98.8,99.2,7.840000000000001e-132,371.0,1.2491582491582491,True,3.0,reciprocal_best_hit,high
AT3G16370,NP_188258.1,,144703715,144703715,,LOC144703715,XP_078432075.1,GDSL esterase/lipase APG-like,65.2,92.9,84.7,4.2200000000000004e-148,422.0,1.0765306122448979,True,1.0,reciprocal_best_hit,medium
AT3G19450,NP_188576.1,ATCAD4,144713067,144713067,,CAD5,XP_078443674.1,cinnamyl alcohol dehydrogenase 5,62.1,96.2,98.6,3.1500000000000004e-163,459.0,1.282122905027933,True,2.0,reciprocal_best_hit,high
AT3G21240,NP_188761.1,4CL2,144705245,144705245,,LOC144705245,XP_078433959.1,4-coumarate-CoA ligase 1-like,67.0,96.0,97.1,1e-259,719.0,1.1130030959752322,True,2.0,reciprocal_best_hit,high
AT3G21270,NP_188764.1,DOF2,144703685,144703685,,DOF2,XP_078432041.1,DOF zinc finger protein 2,56.6,70.1,67.6,1.6900000000000002e-35,122.0,1.0166666666666666,True,2.0,reciprocal_best_hit,medium
AT3G21510,NP_188788.1,AHP1,144705117,144705117,,LOC144705117,XP_078433780.1,histidine-containing phosphotransfer protein 2-like,52.9,88.3,93.2,1.37e-44,142.0,inf,True,2.0,reciprocal_best_hit,high
AT3G21550,NP_566687.1,DMP2,144711087,144711087,,DMP2,XP_078441139.1,"transmembrane protein, putative (DUF679 domain membrane protein 2)",59.6,90.8,89.5,6.130000000000001e-73,217.0,inf,True,2.0,reciprocal_best_hit,high
AT3G21720,NP_188809.2,ICL,144707649,144707649,,LOC144707649,XP_078436999.1,isocitrate lyase-like,65.4,100.0,100.0,2.7200000000000003e-272,753.0,4.327586206896552,True,1.0,reciprocal_best_hit,high
AT3G22830,NP_188922.1,HSFA6B,144707826,144707826,,LOC144707826,XP_078437201.1,heat stress transcription factor A-2b-like,62.8,60.8,77.6,1.7999999999999999e-93,282.0,1.247787610619469,True,1.0,reciprocal_best_hit,medium
AT3G23430,NP_188985.2,PHO1,144700234,144700234,,PHO1,XP_078427822.1,phosphate 1 isoform X1,55.0,99.4,93.8,2.05e-285,805.0,1.2777777777777777,True,1.0,reciprocal_best_hit,high
AT3G23890,NP_189031.1,TOPII,144701018,144701018,,TOPII,XP_078428795.1,topoisomerase II isoform X1,61.7,98.6,98.6,0.0,1598.0,13.098360655737705,True,1.0,reciprocal_best_hit,high
AT3G25290,NP_001030764.1,,144711367,144711367,,LOC144711367,XP_078441481.1,cytochrome b561 and DOMON domain-containing protein At3g25290-like,49.6,92.6,91.2,2.62e-117,345.0,1.0147058823529411,True,2.0,reciprocal_best_hit,medium
AT3G25980,NP_189227.1,MAD2,144710026,144710026,,MAD2,XP_078439801.1,DNA-binding HORMA family protein,78.3,99.0,99.5,5.66e-114,322.0,inf,True,1.0,reciprocal_best_hit,high
AT3G26740,NP_189308.1,CCL,144711255,144711255,,CCL,XP_078441331.1,CCR-like protein,55.8,58.2,62.2,1.2800000000000001e-26,95.9,inf,True,1.0,reciprocal_best_hit,medium
AT3G27060,NP_189342.1,TSO2,144716072,144716072,,TSO2,XP_078447227.1,ferritin/ribonucleotide reductase-like family protein,76.5,100.0,100.0,7.63e-194,535.0,inf,True,1.0,reciprocal_best_hit,high
AT3G28345,NP_189475.1,ABCB15,144712737,144712737,,LOC144712737,XP_078443154.1,putative multidrug resistance protein,67.4,99.5,99.1,0.0,1590.0,1.0218508997429305,True,1.0,reciprocal_best_hit,medium
AT3G29240,NP_566847.1,,144702184,144702184,,LOC144702184,XP_078430248.1,PPR containing protein (DUF179),48.5,73.5,77.7,1.77e-65,205.0,1.0677083333333333,True,1.0,reciprocal_best_hit,medium
AT3G30180,NP_566852.1,BR6OX2,144702108,144702108,,LOC144702108,XP_078430122.1,cytochrome P450 85A-like,56.4,95.7,95.7,8.579999999999999e-187,528.0,1.0232558139534884,True,2.0,reciprocal_best_hit,medium
AT3G43190,NP_001326640.1,SUS4,144711225,144711225,,LOC144711225,XP_078441282.1,sucrose synthase 1-like,73.4,99.5,98.2,0.0,1211.0,1.0193602693602695,True,2.0,reciprocal_best_hit,medium
AT3G44260,NP_190012.1,CAF1a,144705152,144705152,,LOC144705152,XP_078433828.1,putative CCR4-associated factor 1 homolog 9,58.0,95.4,92.0,1.3299999999999998e-104,305.0,1.1172161172161172,True,2.0,reciprocal_best_hit,high
AT3G45970,NP_190183.1,EXLA1,144716781,144716781,,LOC144716781,XP_078448152.1,expansin-like A1,53.5,97.0,95.2,5.27e-96,281.0,inf,True,2.0,reciprocal_best_hit,high
AT3G46230,NP_190209.1,HSP17.4,144714151,144714151,,LOC144714151,XP_078444972.1,17.3 kDa class I heat shock protein-like,70.9,100.0,100.0,1.46e-74,218.0,1.0234741784037558,True,2.0,reciprocal_best_hit,medium
AT3G46940,NP_001325766.1,DUT1,144702295,144702295,,DUT1,XP_078430421.1,DUTP-PYROPHOSPHATASE-LIKE 1,78.8,77.3,72.4,2.6099999999999999e-82,243.0,inf,True,1.0,reciprocal_best_hit,high
AT3G47340,NP_190318.1,ASN1,144706226,144706226,,LOC144706226,XP_078435284.1,asparagine synthetase [glutamine-hydrolyzing],80.6,98.5,97.8,0.0,991.0,1.0071138211382114,True,1.0,reciprocal_best_hit,medium
AT3G48940,NP_190463.1,,144710483,144710483,,LOC144710483,XP_078440404.1,remorin-like,61.0,77.7,76.8,8.390000000000001e-32,111.0,1.11,True,1.0,reciprocal_best_hit,high
AT3G51030,NP_190672.1,TRX1,144707569,144707569,,LOC144707569,XP_078436876.1,thioredoxin H-type-like,62.7,96.5,98.2,1.73e-51,157.0,1.4952380952380953,True,1.0,reciprocal_best_hit,high
AT3G51280,NP_190696.1,,144710498,144710498,,LOC144710498,XP_078440426.1,protein POLLENLESS 3-LIKE 2-like isoform X1,63.5,58.4,67.0,1.24e-111,333.0,1.1935483870967742,True,1.0,reciprocal_best_hit,medium
AT3G51670,NP_190735.1,,144714484,144714484,,LOC144714484,XP_078445360.1,SEC14 cytosolic factor family protein / phosphoglyceride transfer family protein,67.2,95.4,97.1,3.3600000000000003e-192,537.0,1.1573275862068966,True,1.0,reciprocal_best_hit,high
AT3G52770,NP_190845.1,ZPR3,144711266,144711266,,LOC144711266,XP_078441342.1,protein LITTLE ZIPPER 4-like,75.6,67.2,58.4,2.96e-17,67.4,inf,True,1.0,reciprocal_best_hit,medium
AT3G53350,NP_001326321.1,RIP3,144706503,144706503,,LOC144706503,XP_078435615.1,interactor of constitutive active ROPs 5-like isoform X1,33.3,72.4,72.2,1.06e-22,97.4,inf,True,1.0,reciprocal_best_hit,medium
AT3G53420,NP_001030851.1,PIP2A,144710268,144710268,,LOC144710268,XP_078440118.1,putative aquaporin PIP2-1,78.7,100.0,100.0,1.44e-162,452.0,1.0511627906976744,True,5.0,reciprocal_best_hit,medium
AT3G53620,NP_190930.1,PPa4,144715446,144715446,,LOC144715446,XP_078446492.1,soluble inorganic pyrophosphatase 4-like,82.8,94.4,96.7,1.5e-130,365.0,1.0,True,1.0,reciprocal_best_hit,medium
AT3G54040,NP_001326759.1,,144700252,144700252,,LOC144700252,XP_078427846.1,uncharacterized protein LOC144700252,51.6,63.2,81.2,1.8099999999999997e-48,157.0,1.0129032258064516,True,1.0,reciprocal_best_hit,medium
AT3G54400,NP_191008.1,,144712337,144712337,,LOC144712337,XP_078442713.1,eukaryotic aspartyl protease family protein,58.6,93.4,89.5,3.9000000000000005e-160,457.0,1.2694444444444444,True,2.0,reciprocal_best_hit,high
AT3G54420,NP_191010.1,EP3,144704315,144704315,,EP3,XP_078432822.1,homolog of carrot EP3-3 chitinase,73.4,90.1,91.5,4.3299999999999996e-138,389.0,1.0686813186813187,True,3.0,reciprocal_best_hit,medium
AT3G54560,NP_001325682.1,HTA11,144707829,144707829,,LOC144707829,XP_078437203.1,histone H2A variant 1-like,88.2,100.0,100.0,3.54e-77,223.0,1.0276497695852536,True,1.0,reciprocal_best_hit,medium
AT3G54820,NP_191042.1,PIP2;5,144700280,144700280,,LOC144700280,XP_078427891.1,aquaporin PIP2-1-like,80.0,95.1,94.2,3.7e-159,443.0,1.002262443438914,True,1.0,reciprocal_best_hit,medium
AT3G55120,NP_191072.1,TT5,144714371,144714371,,TT5,XP_078445223.1,chalcone-flavanone isomerase family protein,63.5,85.4,84.0,1.89e-84,251.0,inf,True,2.0,reciprocal_best_hit,high
AT3G55990,NP_191158.1,ESK1,144706300,144706300,,LOC144706300,XP_078435314.1,protein trichome birefringence-like 28 isoform X1,67.1,71.3,78.5,1.04e-182,517.0,1.477142857142857,True,2.0,reciprocal_best_hit,high
AT3G56170,NP_567036.1,CAN,144715644,144715644,,LOC144715644,XP_078446728.1,putative 38.1 kDa protein,53.3,99.7,100.0,5.620000000000001e-116,337.0,inf,True,1.0,reciprocal_best_hit,high
AT3G56230,NP_191182.1,,144715898,144715898,,LOC144715898,XP_078447026.1,LOW QUALITY PROTEIN: BTB/POZ domain-containing protein,36.1,95.7,99.7,9.25e-49,162.0,1.8620689655172413,True,1.0,reciprocal_best_hit,high
AT3G57670,NP_191326.1,NTT,144713263,144713263,,NTT,XP_078443951.1,C2H2-type zinc finger family protein,57.1,96.9,97.9,6.22e-142,405.0,1.2198795180722892,True,3.0,reciprocal_best_hit,high
AT3G61490,NP_001327412.1,,144708643,144708643,,LOC144708643,XP_078438181.1,putative polygalacturonase,64.0,76.6,90.3,1.2400000000000001e-210,594.0,1.485,True,1.0,reciprocal_best_hit,high
AT2G01430,NP_178252.2,HB17,144703097,144703097,,LOC144703097,XP_078431309.1,homeobox-leucine zipper protein HOX3-like isoform X1,62.9,60.4,91.2,2.9199999999999997e-54,172.0,1.1168831168831168,True,1.0,reciprocal_best_hit,medium
AT2G02010,NP_001324150.1,GAD4,144713991,144713991,,LOC144713991,XP_078444849.1,glutamate decarboxylase 4,84.1,89.4,99.4,5.53e-307,836.0,1.1708683473389356,True,3.0,reciprocal_best_hit,high
AT2G02130,NP_178321.1,LCR68,144708277,144708277,,LOC144708277,XP_078437654.1,defensin-like protein 1,62.3,68.8,84.1,4.8000000000000006e-21,77.0,inf,True,2.0,reciprocal_best_hit,medium
AT2G02230,NP_178331.2,PP2-B1,144710476,144710476,,LOC144710476,XP_078440393.1,F-box protein PP2-B1-like,39.5,88.7,96.1,1.58e-63,201.0,1.2035928143712575,True,3.0,reciprocal_best_hit,high
AT2G02990,NP_178399.1,RNS1,144704570,144704570,,LOC144704570,XP_078433155.1,ribonuclease 1-like isoform X1,53.2,96.1,90.6,1.68e-87,257.0,1.7724137931034483,True,2.0,reciprocal_best_hit,high
AT2G14960,NP_179101.1,GH3.1,144702220,144702220,,LOC144702220,XP_078430299.1,putative indole-3-acetic acid-amido synthetase GH3.1,75.7,99.7,98.7,0.0,918.0,2.4414893617021276,True,9.0,reciprocal_best_hit,high
AT2G16060,NP_179204.1,HB1,144702345,144702345,,HB1,XP_078430480.1,hemoglobin 1,70.1,96.3,80.6,4.43e-76,224.0,inf,True,1.0,reciprocal_best_hit,high
AT2G16850,NP_179277.1,PIP2;8,144714791,144714791,,LOC144714791,XP_078445703.1,putative aquaporin PIP2-8,84.6,95.7,94.7,5.13e-166,460.0,1.0502283105022832,True,2.0,reciprocal_best_hit,medium
AT2G17710,NP_565423.1,,144716850,144716850,,LOC144716850,XP_078448234.1,big1,56.5,54.6,63.4,1.44e-25,93.6,inf,True,1.0,reciprocal_best_hit,medium
AT2G17770,NP_001189545.1,BZIP27,144712092,144712092,,LOC144712092,XP_078442399.1,bZIP transcription factor 27-like,38.9,100.0,83.3,9.86e-22,87.4,1.418831168831169,True,1.0,reciprocal_best_hit,high
AT2G18050,NP_179396.1,HIS1-3,144716941,144716941,,HIS1-3,XP_078448348.1,histone H1-3,62.0,55.1,50.5,9.26e-30,106.0,1.426648721399731,True,1.0,reciprocal_best_hit,medium
AT2G20520,NP_565475.1,FLA6,144701227,144701227,,LOC144701227,XP_078429099.1,fasciclin-like arabinogalactan protein 11,47.1,69.6,70.4,2.01e-41,140.0,1.4659685863874345,True,4.0,reciprocal_best_hit,medium
AT2G21050,NP_179701.1,LAX2,144716897,144716897,,LOC144716897,XP_078448291.1,auxin transporter-like protein 3 isoform X1,78.1,95.0,93.0,2.84e-281,769.0,inf,True,2.0,reciprocal_best_hit,high
AT2G22860,NP_179871.1,PSK2,144707005,144707005,,LOC144707005,XP_078436245.1,uncharacterized protein LOC144707005,43.1,74.7,70.7,1.82e-08,45.8,inf,True,1.0,reciprocal_best_hit,high
AT2G23910,NP_565557.1,,144708508,144708508,,LOC144708508,XP_078438004.1,cinnamoyl-CoA reductase-like SNL6,43.0,94.7,93.9,4.73e-72,223.0,1.6159420289855073,True,2.0,reciprocal_best_hit,high
AT2G25810,NP_180152.1,TIP4;1,144703538,144703538,,TIP4;1,XP_078431848.1,tonoplast intrinsic protein 4;1,63.7,98.4,99.2,1.0499999999999999e-101,295.0,1.1614173228346456,True,1.0,reciprocal_best_hit,high
AT2G26560,NP_180224.1,PLA2A,144713684,144713684,,LOC144713684,XP_078444477.1,patatin-like protein 2,63.6,98.8,99.0,2.9e-187,524.0,1.1441048034934498,True,2.0,reciprocal_best_hit,high
AT2G26670,NP_180235.1,TED4,144703956,144703956,,LOC144703956,XP_078432390.1,"heme oxygenase 1, chloroplastic-like",76.3,77.7,75.8,1.52e-120,345.0,1.5065502183406114,True,1.0,reciprocal_best_hit,high
AT2G26730,NP_180241.1,,144700527,144700527,,LOC144700527,XP_078428063.1,putative inactive receptor kinase At2g26730,58.2,90.1,92.1,3.2999999999999997e-149,444.0,1.034965034965035,True,1.0,reciprocal_best_hit,medium
AT2G27550,NP_180324.1,ATC,144705435,144705435,,LOC144705435,XP_078434229.1,protein SELF-PRUNING-like,67.4,100.0,98.9,1.34e-82,240.0,1.2121212121212122,True,1.0,reciprocal_best_hit,high
AT2G28110,NP_850113.2,FRA8,144716411,144716411,,LOC144716411,XP_078447646.1,putative glucuronosyltransferase Os03g0107900,63.5,76.3,74.6,6.8200000000000005e-161,461.0,1.5574324324324325,True,1.0,reciprocal_best_hit,high
AT2G28200,NP_180387.2,,144712344,144712344,,LOC144712344,XP_078442719.1,zinc finger protein ZAT5-like,38.1,73.8,73.3,5.92e-34,122.0,1.5307402760351316,True,2.0,reciprocal_best_hit,high
AT2G28305,NP_565668.1,LOG1,144716919,144716919,,LOC144716919,XP_078448320.1,cytokinin riboside 5'-monophosphate phosphoribohydrolase LOG1-like isoform X1,77.0,98.1,91.7,9.7e-114,323.0,1.1215277777777777,True,2.0,reciprocal_best_hit,high
AT2G28720,NP_180440.1,,144714173,144714173,,LOC144714173,XP_078444996.1,histone H2B.7,90.2,74.2,75.9,9.8e-63,188.0,1.0217391304347827,True,5.0,reciprocal_best_hit,medium
AT2G28760,NP_001325413.1,UXS6,144715696,144715696,,LOC144715696,XP_078446785.1,UDP-glucuronic acid decarboxylase 6-like,87.3,86.4,92.6,1.84e-214,589.0,1.2245322245322245,True,2.0,reciprocal_best_hit,high
AT2G28790,NP_001324474.1,,144701108,144701108,,LOC144701108,XP_078428944.1,pathogenesis-related thaumatin superfamily protein,59.7,88.3,97.6,1.0800000000000002e-109,316.0,1.6122448979591837,True,1.0,reciprocal_best_hit,high
AT2G28900,NP_180456.1,OEP16-1,144706321,144706321,,OEP16-1,XP_078435348.1,outer plastid envelope protein 16-1,51.5,90.5,91.8,3.55e-48,151.0,inf,True,1.0,reciprocal_best_hit,high
AT2G30490,NP_180607.1,C4H,144715448,144715448,,C4H,XP_078446494.1,cinnamate-4-hydroxylase,82.3,99.6,99.4,1.62e-312,849.0,3.6913043478260867,True,1.0,reciprocal_best_hit,high
AT2G31940,NP_565731.1,,144701948,144701948,,LOC144701948,XP_078429903.1,uncharacterized protein LOC144701948,34.3,90.0,76.9,8.99e-11,53.9,1.0208333333333333,True,1.0,reciprocal_best_hit,medium
AT2G32990,NP_180858.1,GH9B8,144700854,144700854,,GH9B8,XP_078428536.1,glycosyl hydrolase 9B8,62.4,89.1,92.3,7.879999999999999e-221,618.0,1.0710571923743502,True,1.0,reciprocal_best_hit,medium
AT2G33310,NP_850205.1,IAA13,144700133,144700133,,LOC144700133,XP_078427667.1,auxin-responsive protein IAA13-like isoform X1,45.7,72.9,59.8,2.1799999999999999e-41,142.0,1.3148148148148149,True,4.0,reciprocal_best_hit,high
AT2G34060,NP_180953.1,,144709675,144709675,,LOC144709675,XP_078439412.1,peroxidase superfamily protein isoform X1,57.1,87.0,86.2,4.5700000000000005e-122,354.0,1.3511450381679388,True,1.0,reciprocal_best_hit,high
AT2G34500,NP_180997.1,CYP710A1,144714997,144714997,,LOC144714997,XP_078445965.1,cytochrome P450 710A11-like,58.8,97.8,94.9,2.2e-209,588.0,inf,True,1.0,reciprocal_best_hit,high
AT2G35980,NP_181142.1,YLS9,144705913,144705913,,LOC144705913,XP_078434906.1,NDR1/HIN1-like protein 10,38.1,98.7,91.6,1.99e-47,154.0,1.7303370786516854,True,1.0,reciprocal_best_hit,high
AT2G36690,NP_001324164.1,,144700037,144700037,,LOC144700037,XP_078427536.1,2-oxoglutarate (2OG) and Fe(II)-dependent oxygenase superfamily protein,53.6,95.9,93.3,3.06e-141,404.0,1.7264957264957266,True,4.0,reciprocal_best_hit,high
AT2G36830,NP_181221.1,GAMMA-TIP,144700116,144700116,,GAMMA-TIP,XP_078427644.1,gamma tonoplast intrinsic protein,80.1,100.0,100.0,5.7e-142,397.0,1.318936877076412,True,1.0,reciprocal_best_hit,high
AT2G37040,NP_181241.1,PAL1,144700270,144700270,,LOC144700270,XP_078427868.1,phenylalanine ammonia-lyase 1-like,78.0,95.0,94.1,0.0,1079.0,1.0084112149532711,True,2.0,reciprocal_best_hit,medium
AT2G37130,NP_181250.1,,144705879,144705879,,LOC144705879,XP_078434862.1,peroxidase superfamily protein,67.0,93.6,94.4,2.61e-156,439.0,1.1929347826086956,True,1.0,reciprocal_best_hit,high
AT2G37540,NP_181290.1,,144714421,144714421,,LOC144714421,XP_078445284.1,NAD(P)-binding Rossmann-fold superfamily protein isoform X1,67.2,97.8,97.8,2.7e-149,421.0,1.0144578313253012,True,1.0,reciprocal_best_hit,medium
AT2G38250,NP_181360.1,,144708548,144708548,,LOC144708548,XP_078438050.1,trihelix transcription factor GT-3b-like,47.7,86.9,81.0,7.989999999999999e-30,113.0,inf,True,1.0,reciprocal_best_hit,high
AT2G38540,NP_181388.1,LP1,144707099,144707099,,LOC144707099,XP_078436346.1,non-specific lipid-transfer protein 3-like,45.7,88.1,92.8,1.93e-25,91.3,inf,True,1.0,reciprocal_best_hit,high
AT2G38640,NP_181398.1,,144707947,144707947,,LOC144707947,XP_078437357.1,LURP-one-like protein (DUF567),49.0,98.5,99.5,2.81e-56,175.0,1.10062893081761,True,3.0,reciprocal_best_hit,high
AT2G39380,NP_181470.1,EXO70H2,144701736,144701736,,LOC144701736,XP_078429608.1,exocyst complex component EXO70H1-like,45.6,92.6,92.0,6.48e-166,488.0,1.5108359133126934,True,2.0,reciprocal_best_hit,high
AT2G39710,NP_565911.1,,144700735,144700735,,LOC144700735,XP_078428349.1,aspartic proteinase PCS1-like,52.7,86.7,88.8,2.55e-133,389.0,3.2148760330578514,True,3.0,reciprocal_best_hit,high
AT2G39980,NP_181527.1,,144699998,144699998,,LOC144699998,XP_078427490.1,BAHD acyltransferase DCR-like,48.8,97.5,85.9,3.67e-145,424.0,1.3167701863354038,True,1.0,reciprocal_best_hit,high
AT2G40110,NP_181540.1,,144707223,144707223,,LOC144707223,XP_078436490.1,protein yippee-like,70.3,85.4,94.9,5.32e-58,174.0,1.0740740740740742,True,1.0,reciprocal_best_hit,medium
AT2G40170,NP_181546.1,GEA6,144714418,144714418,,LOC144714418,XP_078445280.1,protein EMB-1-like,80.0,97.8,100.0,1.25e-43,135.0,inf,True,2.0,reciprocal_best_hit,high
AT2G40610,NP_181593.1,EXPA8,144706487,144706487,,LOC144706487,XP_078435590.1,expansin-A8-like,77.0,89.3,91.5,7.41e-135,379.0,1.0079787234042554,True,1.0,reciprocal_best_hit,medium
AT2G40890,NP_850337.1,CYP98A3,144715844,144715844,,CYP98A3,XP_078446975.1,"cytochrome P450, family 98, subfamily A, polypeptide 3",62.6,99.6,99.4,5.97e-225,628.0,1.9936507936507937,True,1.0,reciprocal_best_hit,high
AT2G41380,NP_181669.1,,144711799,144711799,,LOC144711799,XP_078441994.1,S-adenosyl-L-methionine-dependent methyltransferases superfamily protein,50.6,98.1,100.0,5.68e-84,251.0,inf,True,2.0,reciprocal_best_hit,high
AT2G41970,NP_181728.1,,144702572,144702572,,LOC144702572,XP_078430740.1,putative protein kinase At2g41970,79.3,88.2,89.3,2.19e-186,518.0,1.0905263157894738,True,1.0,reciprocal_best_hit,medium
AT2G43000,NP_181828.1,NAC042,144707769,144707769,,LOC144707769,XP_078437137.1,transcription factor JUNGBRUNNEN 1-like,71.3,56.0,60.4,5.8300000000000004e-77,233.0,1.3016759776536313,True,3.0,reciprocal_best_hit,medium
AT2G43120,NP_001323927.1,,144705237,144705237,,LOC144705237,XP_078433947.1,pirin-like protein,62.0,79.8,84.0,1.6e-127,369.0,inf,True,2.0,reciprocal_best_hit,high
AT2G44130,NP_566009.1,,144707141,144707141,,LOC144707141,XP_078436384.1,F-box/kelch-repeat protein At2g44130-like,37.5,71.4,82.5,9.27e-56,185.0,1.1144578313253013,True,2.0,reciprocal_best_hit,high
AT2G44300,NP_181959.1,,144711853,144711853,,LOC144711853,XP_078442075.1,non-specific lipid transfer protein GPI-anchored 14-like,47.8,62.3,70.5,8.2e-41,136.0,inf,True,1.0,reciprocal_best_hit,medium
AT2G45180,NP_566036.1,,144711704,144711704,,LOC144711704,XP_078441844.1,14 kDa proline-rich protein DC2.15-like,62.9,99.3,99.3,2.0700000000000002e-47,148.0,1.1044776119402986,True,4.0,reciprocal_best_hit,high
AT2G45220,NP_566038.1,,144713443,144713443,,LOC144713443,XP_078444119.1,pectinesterase-like,54.3,97.5,99.0,1.55e-178,510.0,1.0602910602910602,True,2.0,reciprocal_best_hit,medium
AT2G45360,NP_182061.1,,144716699,144716699,,LOC144716699,XP_078448034.1,ankyrin repeat/KH domain protein (DUF1442),47.2,100.0,100.0,1.27e-53,169.0,inf,True,1.0,reciprocal_best_hit,high
AT2G45420,NP_850436.1,LBD18,144712079,144712079,,LOC144712079,XP_078442384.1,LOB domain-containing protein 30-like,62.0,80.2,87.1,7.1e-70,213.0,1.13903743315508,True,5.0,reciprocal_best_hit,high
AT2G46690,NP_182192.1,,144716586,144716586,,LOC144716586,XP_078447874.1,auxin-responsive protein SAUR32-like,58.4,81.8,80.3,3.34e-34,114.0,1.4941022280471823,True,1.0,reciprocal_best_hit,high
AT2G46760,NP_182199.1,GulLO6,144707355,144707355,,LOC144707355,XP_078436584.1,putative L-gulonolactone oxidase 6,51.9,92.9,93.8,4.16e-193,554.0,1.2096069868995634,True,2.0,reciprocal_best_hit,high
AT2G46890,NP_182212.1,,144716615,144716615,,LOC144716615,XP_078447925.1,3-oxo-5-alpha-steroid 4-dehydrogenase (DUF1295),61.4,95.3,96.9,1.78e-149,421.0,5.517693315858454,True,1.0,reciprocal_best_hit,high
AT2G46950,NP_182218.2,CYP709B2,144714482,144714482,,LOC144714482,XP_078445357.1,cytochrome P450 709B2-like,42.0,85.0,94.6,5.039999999999999e-128,383.0,1.0078947368421052,True,1.0,reciprocal_best_hit,medium
AT2G47180,NP_182240.1,GolS1,144714636,144714636,,LOC144714636,XP_078445548.1,galactinol synthase 2-like,70.6,81.1,69.2,3.13e-152,432.0,inf,True,4.0,reciprocal_best_hit,high
AT2G47500,NP_850475.2,,144706916,144706916,,LOC144706916,XP_078436129.1,kinesin-like protein KIN-14I isoform X1,58.4,83.9,89.7,4.58e-306,869.0,1.6776061776061777,True,2.0,reciprocal_best_hit,high
AT2G47550,NP_566103.1,,144714244,144714244,,LOC144714244,XP_078445067.1,pectinesterase-like,54.6,98.4,98.0,1.44e-204,580.0,1.039426523297491,True,1.0,reciprocal_best_hit,medium
AT2G47770,NP_566110.1,TSPO,144714350,144714350,,TSPO,XP_078445198.1,TSPO(outer membrane tryptophan-rich sensory protein)-like protein,39.4,79.1,85.5,6.48e-28,102.0,inf,True,1.0,reciprocal_best_hit,high
AT4G00680,NP_001328554.1,ADF8,144706926,144706926,,LOC144706926,XP_078436143.1,actin-depolymerizing factor,83.1,90.7,97.8,9.62e-80,231.0,1.013157894736842,True,1.0,reciprocal_best_hit,medium
AT4G01070,NP_192016.1,GT72B1,144703324,144703324,,LOC144703324,XP_078431599.1,hydroquinone glucosyltransferase-like,51.8,69.0,95.0,3.85e-106,318.0,1.5665024630541873,True,1.0,reciprocal_best_hit,medium
AT4G02290,NP_192138.1,GH9B13,144709752,144709752,,LOC144709752,XP_078439511.1,endoglucanase 17-like,75.4,90.7,95.9,2.6800000000000003e-273,750.0,1.1867088607594938,True,2.0,reciprocal_best_hit,high
AT4G02800,NP_567246.1,,144711882,144711882,,LOC144711882,XP_078442136.1,GRIP/coiled-coil protein,42.4,79.0,96.4,1.37e-52,173.0,inf,True,1.0,reciprocal_best_hit,high
AT4G07960,NP_001328773.1,CSLC12,144702351,144702351,,CSLC12,XP_078430486.1,cellulose-synthase-like C12 isoform X1,71.2,100.0,100.0,0.0,976.0,1.243312101910828,True,1.0,reciprocal_best_hit,high
AT4G08040,NP_567330.1,ACS11,144712441,144712441,,LOC144712441,XP_078442839.1,1-aminocyclopropane-1-carboxylate synthase 3-like,66.8,91.1,85.3,8.48e-211,589.0,1.6925287356321839,True,4.0,reciprocal_best_hit,high
AT4G08685,NP_567338.1,SAH7,144710878,144710878,,LOC144710878,XP_078440846.1,protein DOWNSTREAM OF FLC-like,47.1,98.1,94.0,1.7799999999999998e-48,153.0,1.1167883211678833,True,1.0,reciprocal_best_hit,high
AT4G11910,NP_192928.2,,144711791,144711791,,LOC144711791,XP_078441974.1,"protein STAY-GREEN, chloroplastic-like",64.9,80.8,86.0,7.54e-102,296.0,1.5257731958762886,True,2.0,reciprocal_best_hit,high
AT4G12390,NP_192976.1,PME1,144712330,144712330,,LOC144712330,XP_078442700.1,pectinesterase inhibitor 9-like,46.7,79.6,85.2,2.69e-44,145.0,1.2083333333333333,True,2.0,reciprocal_best_hit,high
AT4G12510,NP_567391.1,,144716748,144716748,,LOC144716748,XP_078448113.1,lipid transfer protein EARLI 1-like,60.0,99.2,99.2,6.229999999999999e-48,149.0,1.0719424460431655,True,6.0,reciprocal_best_hit,medium
AT4G14690,NP_567438.1,ELIP2,144715206,144715206,,LOC144715206,XP_078446248.1,"early light-induced protein, chloroplastic-like",57.6,86.5,89.1,3.39e-56,174.0,inf,True,2.0,reciprocal_best_hit,high
AT4G15480,NP_193283.2,UGT84A1,144713092,144713092,,LOC144713092,XP_078443707.1,gallate 1-beta-glucosyltransferase-like,45.2,93.9,92.7,2.02e-132,391.0,1.5393700787401574,True,5.0,reciprocal_best_hit,high
AT4G15830,NP_567477.1,,144706546,144706546,,LOC144706546,XP_078435672.1,ARM repeat superfamily protein,49.4,98.6,99.0,8.58e-92,273.0,1.5511363636363635,True,1.0,reciprocal_best_hit,high
AT4G16270,NP_193362.3,,144716261,144716261,,LOC144716261,XP_078447496.1,peroxidase 40-like,55.9,87.6,89.5,1.61e-114,335.0,1.1921708185053381,True,1.0,reciprocal_best_hit,high
AT4G17280,NP_193461.5,,144707479,144707479,,LOC144707479,XP_078436730.1,cytochrome b561 and DOMON domain-containing protein At5g35735-like,50.0,91.3,93.5,7.260000000000001e-124,362.0,1.0254957507082152,True,3.0,reciprocal_best_hit,medium
AT4G18425,NP_567556.1,,144703051,144703051,,LOC144703051,XP_078431255.1,protein DMP4-like,60.0,91.5,97.4,5.93e-84,246.0,inf,True,2.0,reciprocal_best_hit,high
AT4G18640,NP_193599.3,MRH1,144701474,144701474,,LOC144701474,XP_078429406.1,protein MALE DISCOVERER 2-like,50.1,53.5,74.5,2.29e-116,356.0,1.056379821958457,True,1.0,reciprocal_best_hit,medium
AT4G18910,NP_193626.1,NIP1;2,144703026,144703026,,LOC144703026,XP_078431225.1,aquaporin NIP1-1-like,63.6,82.3,84.2,4e-110,319.0,1.0924657534246576,True,2.0,reciprocal_best_hit,medium
AT4G19690,NP_567590.3,IRT1,144707631,144707631,,LOC144707631,XP_078436963.1,fe(2+) transport protein 1-like,55.2,95.7,97.2,2.18e-122,355.0,1.0085227272727273,True,2.0,reciprocal_best_hit,medium
AT4G21200,NP_193852.2,GA2OX8,144717052,144717052,,LOC144717052,XP_078448491.1,gibberellin 2-beta-dioxygenase 6-like,55.2,88.2,87.0,4.16e-117,341.0,2.5833333333333335,True,1.0,reciprocal_best_hit,high
AT4G22570,NP_193988.1,APT3,144702258,144702258,,LOC144702258,XP_078430354.1,adenine phosphoribosyltransferase 1-like isoform X1,73.5,98.9,98.9,3.36e-96,275.0,1.0617760617760619,True,1.0,reciprocal_best_hit,medium
AT4G22620,NP_193993.1,,144712402,144712402,,LOC144712402,XP_078442783.1,uncharacterized protein LOC144712402,38.9,96.3,76.2,1.65e-27,100.0,1.2422360248447204,True,3.0,reciprocal_best_hit,high
AT4G22880,NP_001031700.1,LDOX,144715137,144715137,,LOC144715137,XP_078446157.1,anthocyanin synthase-like,63.9,96.9,97.7,3.8200000000000005e-166,466.0,1.0108459869848156,True,1.0,reciprocal_best_hit,medium
AT4G23800,NP_194111.1,3xHMG-box2,144709785,144709785,,LOC144709785,XP_078439556.1,high mobility group B protein 13-like,49.0,97.6,95.5,2.17e-87,273.0,4.72318339100346,True,1.0,reciprocal_best_hit,high
AT4G24380,NP_001329756.1,,144711288,144711288,,LOC144711288,XP_078441359.1,dihydrofolate reductase-like,56.7,93.1,89.3,3.96e-96,281.0,inf,True,1.0,reciprocal_best_hit,high
AT4G25100,NP_001190834.1,FSD1,144714939,144714939,,LOC144714939,XP_078445880.1,"superoxide dismutase [Fe], chloroplastic-like",66.2,100.0,97.7,7.339999999999999e-104,297.0,1.006779661016949,True,1.0,reciprocal_best_hit,medium
AT4G25200,NP_194250.1,HSP23.6-MITO,144711067,144711067,,LOC144711067,XP_078441117.1,"23.6 kDa heat shock protein, mitochondrial-like",53.6,87.6,89.4,2.09e-59,184.0,inf,True,2.0,reciprocal_best_hit,high
AT4G25810,NP_194311.1,XTR6,144713048,144713048,,LOC144713048,XP_078443655.1,LOW QUALITY PROTEIN: xyloglucan endotransglucosylase protein 1-like,73.5,93.7,94.3,2.72e-151,423.0,1.0023696682464456,True,4.0,reciprocal_best_hit,medium
AT4G26890,NP_194419.2,MAPKKK16,144715135,144715135,,LOC144715135,XP_078446156.1,mitogen-activated protein kinase kinase kinase 17-like,43.7,76.1,94.0,2.07e-74,236.0,1.0350877192982457,True,2.0,reciprocal_best_hit,medium
AT4G27450,NP_567775.1,,144699958,144699958,,LOC144699958,XP_078427436.1,stem-specific protein TSJT1-like,67.5,99.6,96.9,1.5499999999999997e-126,358.0,1.185430463576159,True,2.0,reciprocal_best_hit,high
AT4G28310,NP_567804.1,,144707214,144707214,,LOC144707214,XP_078436479.1,microtubule-associated protein,46.5,63.4,62.8,5.9300000000000005e-33,117.0,inf,True,2.0,reciprocal_best_hit,medium
AT4G28500,NP_194579.1,NAC073,144701476,144701476,,LOC144701476,XP_078429413.1,NAC domain-containing protein 73-like,73.1,63.3,73.6,7.45e-102,298.0,1.0205479452054795,True,1.0,reciprocal_best_hit,medium
AT4G28940,NP_194623.2,,144703550,144703550,,LOC144703550,XP_078431862.1,phosphorylase superfamily protein,62.2,91.1,93.7,1.1800000000000001e-144,411.0,inf,True,1.0,reciprocal_best_hit,high
AT4G29140,NP_194643.1,ADS1,144703686,144703686,,ADS1,XP_078432042.1,MATE efflux family protein,65.6,84.6,90.1,1.75e-206,582.0,1.1829268292682926,True,1.0,reciprocal_best_hit,high
AT4G30420,NP_001328376.1,UMAMIT34,144708202,144708202,,LOC144708202,XP_078437539.1,WAT1-related protein At4g30420-like isoform X1,43.9,87.7,88.2,1.44e-89,273.0,1.2465753424657535,True,1.0,reciprocal_best_hit,high
AT4G31840,NP_194912.1,ENODL15,144713097,144713097,,LOC144713097,XP_078443713.1,mavicyanin-like,40.7,66.7,60.8,1.81e-23,90.5,inf,True,1.0,reciprocal_best_hit,medium
AT4G32480,NP_194974.1,,144703082,144703082,,LOC144703082,XP_078431291.1,uncharacterized protein LOC144703082,41.6,94.4,94.7,3.2200000000000005e-64,202.0,1.1542857142857144,True,2.0,reciprocal_best_hit,high
AT4G32830,NP_195009.1,AUR1,144701194,144701194,,LOC144701194,XP_078429061.1,serine/threonine-protein kinase Aurora-2,86.8,95.6,96.6,9.74e-189,518.0,1.4509803921568627,True,2.0,reciprocal_best_hit,high
AT4G33260,NP_195052.1,CDC20.2,144710197,144710197,,LOC144710197,XP_078440022.1,"cell division cycle 20.2, cofactor of APC complex-like",64.7,99.1,97.0,3.08e-212,591.0,1.1214421252371916,True,2.0,reciprocal_best_hit,high
AT4G33490,NP_001190905.1,,144705145,144705145,,LOC144705145,XP_078433814.1,eukaryotic aspartyl protease family protein isoform X1,50.3,88.0,88.4,5.91e-130,380.0,1.0555555555555556,True,1.0,reciprocal_best_hit,medium
AT4G34050,NP_001328048.1,CCoAOMT1,144709260,144709260,,LOC144709260,XP_078438871.1,caffeoyl-CoA O-methyltransferase,85.5,81.8,97.9,5.31e-151,421.0,1.1792717086834734,True,3.0,reciprocal_best_hit,high
AT4G35190,NP_567978.1,LOG5,144715212,144715212,,LOC144715212,XP_078446266.1,putative cytokinin riboside 5'-monophosphate phosphoribohydrolase LOG6,73.0,87.7,87.7,2.24e-102,295.0,1.0350877192982457,True,1.0,reciprocal_best_hit,medium
AT4G35770,NP_195302.1,SEN1,144716834,144716834,,LOC144716834,XP_078448210.1,"thiosulfate sulfurtransferase 16, chloroplastic-like",66.7,62.6,54.0,3.91e-53,167.0,1.518181818181818,True,2.0,reciprocal_best_hit,medium
AT4G37790,NP_195493.1,HAT22,144702339,144702339,,LOC144702339,XP_078430472.1,homeobox-leucine zipper protein HAT22-like,49.0,98.9,98.5,1.38e-70,217.0,1.2471264367816093,True,2.0,reciprocal_best_hit,high
AT4G38620,NP_195574.1,MYB4,144716885,144716885,,LOC144716885,XP_078448277.1,myb-related protein 308-like,56.8,89.7,75.4,8.75e-94,278.0,1.0411985018726593,True,2.0,reciprocal_best_hit,medium
AT4G39640,NP_195674.2,GGT1,144713585,144713585,,LOC144713585,XP_078444325.1,glutathione hydrolase 1-like,62.7,98.6,99.3,1.74e-255,710.0,1.290909090909091,True,1.0,reciprocal_best_hit,high
